Fips,surface_area_m2g,pore_volume_cm3g,pore_size_angstrom,hydrophilicity,thermal_stability_K,cost_per_kg,max_water_uptake,daily_water_yield,Target
1001,990,0.35,5.6,0.9,573,50,0.21,0.84,0
1002,1170,0.45,6.2,0.85,573,55,0.27,1.08,0
1003,1200,0.44,6.0,0.7,673,45,0.264,1.056,0
1004,1850,0.75,9.0,0.6,523,40,0.4499999999999999,1.7999999999999998,1
1005,4100,1.9,29.0,0.5,573,60,1.14,4.56,1
1006,1630,0.64,11.6,0.4,673,35,0.384,1.536,0
1007,675,0.28,5.2,0.95,573,48,0.168,0.672,0
